Feature,Importance
Time of Day,0.17420112615379002
Location Type,0.1415639290766543
Transport Mode,0.09842244640142425
Crime Rate,0.09216349672557275
Streetlights,0.1708866416415995
CCTV Presence,0.07102520866599273
Police Presence,0.11146343436075488
Area Risk Level,0.012522413382318737
Escape Route Availability,0.12775130359189293
